user_id,circle_id
10616,fitness_group
22838,campus_students
26625,budget_life
27365,night_owl_gamers
35350,foodie_hunters
37757,family_group
38094,campus_students
52371,foodie_hunters
69114,family_group
71619,budget_life
74206,campus_students
92243,campus_students
100917,family_group
104200,foodie_hunters
107562,fitness_group
109336,family_group
110475,budget_life
110711,fitness_group
114271,night_owl_gamers
122901,campus_students
127346,fitness_group
128694,campus_students
129682,budget_life
159828,family_group
160780,budget_life
190669,office_white_collar
194742,office_white_collar
195034,fitness_group
197516,family_group
202686,night_owl_gamers
206673,office_white_collar
212961,foodie_hunters
213527,office_white_collar
222616,foodie_hunters
225752,office_white_collar
232289,fitness_group
236817,budget_life
243699,family_group
262817,family_group
265616,night_owl_gamers
267596,family_group
288573,family_group
299117,budget_life
300125,campus_students
302372,office_white_collar
324968,night_owl_gamers
329395,campus_students
345123,fitness_group
361881,office_white_collar
367563,night_owl_gamers
370774,foodie_hunters
373159,office_white_collar
379277,budget_life
398488,budget_life
410488,night_owl_gamers
419192,budget_life
438323,office_white_collar
447126,fitness_group
450689,office_white_collar
462057,family_group
472517,campus_students
475763,campus_students
492636,budget_life
494760,family_group
505564,family_group
509472,office_white_collar
521700,night_owl_gamers
523939,campus_students
524756,fitness_group
527683,family_group
533366,budget_life
555359,foodie_hunters
555823,fitness_group
567948,campus_students
569030,campus_students
602469,family_group
603069,campus_students
605485,campus_students
606043,fitness_group
611049,office_white_collar
639529,night_owl_gamers
644125,budget_life
649118,foodie_hunters
652947,budget_life
656674,family_group
657925,family_group
664296,fitness_group
671373,fitness_group
674261,family_group
679001,family_group
681281,foodie_hunters
681672,night_owl_gamers
688446,campus_students
689922,campus_students
719900,office_white_collar
724589,campus_students
726218,campus_students
727682,foodie_hunters
729362,night_owl_gamers
736728,office_white_collar
739303,night_owl_gamers
739746,night_owl_gamers
740670,family_group
747683,fitness_group
753535,budget_life
755963,night_owl_gamers
758831,campus_students
785963,fitness_group
799359,foodie_hunters
811463,budget_life
814083,office_white_collar
814907,budget_life
817684,fitness_group
821466,fitness_group
823286,night_owl_gamers
825459,office_white_collar
827000,foodie_hunters
831014,budget_life
832936,foodie_hunters
840733,office_white_collar
852605,fitness_group
853430,budget_life
855291,family_group
857828,foodie_hunters
858770,foodie_hunters
865554,foodie_hunters
866012,office_white_collar
868964,family_group
872299,family_group
872817,campus_students
874502,foodie_hunters
881391,campus_students
882232,campus_students
889843,night_owl_gamers
901681,night_owl_gamers
909086,night_owl_gamers
910822,fitness_group
924710,budget_life
926033,night_owl_gamers
929026,office_white_collar
931479,office_white_collar
934286,office_white_collar
937914,foodie_hunters
944380,campus_students
947113,night_owl_gamers
952775,office_white_collar
958582,campus_students
959608,fitness_group
960390,family_group
963262,foodie_hunters
967588,fitness_group
967921,fitness_group
970973,office_white_collar
972463,office_white_collar
984329,budget_life
986729,night_owl_gamers
991182,family_group
1004658,fitness_group
1007583,campus_students
1017881,budget_life
1021505,family_group
1023854,office_white_collar
1024704,fitness_group
1029431,family_group
1048279,night_owl_gamers
1048569,campus_students
1049240,foodie_hunters
1061435,office_white_collar
1061838,foodie_hunters
1063930,budget_life
1067131,family_group
1077791,office_white_collar
1083505,fitness_group
1084079,office_white_collar
1089147,fitness_group
1092120,campus_students
1092539,fitness_group
1096675,campus_students
1097742,budget_life
1098089,fitness_group
1103052,office_white_collar
1108021,budget_life
1112516,foodie_hunters
1122047,foodie_hunters
1126911,campus_students
1138523,fitness_group
1141102,budget_life
1141925,night_owl_gamers
1151467,budget_life
1158710,campus_students
1166999,foodie_hunters
1169941,budget_life
1180404,budget_life
1180964,foodie_hunters
1181777,family_group
1183241,budget_life
1192251,budget_life
1193188,office_white_collar
1197539,family_group
1200178,night_owl_gamers
1200813,family_group
1201376,office_white_collar
1218366,fitness_group
1220321,fitness_group
1224826,night_owl_gamers
1228691,fitness_group
1233002,office_white_collar
1235034,office_white_collar
1241003,night_owl_gamers
1253584,budget_life
1254055,campus_students
1254574,campus_students
1258805,fitness_group
1268394,office_white_collar
1284040,office_white_collar
1286086,fitness_group
1289695,fitness_group
1309871,budget_life
1316161,office_white_collar
1321426,foodie_hunters
1330508,campus_students
1333257,family_group
1337694,foodie_hunters
1339188,night_owl_gamers
1351345,office_white_collar
1352876,campus_students
1361398,campus_students
1370210,family_group
1381145,campus_students
1388401,office_white_collar
1397971,night_owl_gamers
1404653,office_white_collar
1412020,family_group
1412607,office_white_collar
1430193,budget_life
1438581,family_group
1440010,campus_students
1440154,office_white_collar
1442734,budget_life
1451548,foodie_hunters
1451706,fitness_group
1463689,office_white_collar
1468718,fitness_group
1471323,budget_life
1472935,budget_life
1477961,office_white_collar
1482496,office_white_collar
1483626,night_owl_gamers
1486870,night_owl_gamers
1489278,budget_life
1507638,office_white_collar
1507995,budget_life
1508060,foodie_hunters
1516983,office_white_collar
1519130,budget_life
1521131,foodie_hunters
1522129,foodie_hunters
1522634,campus_students
1525537,budget_life
1526904,night_owl_gamers
1527885,foodie_hunters
1533425,night_owl_gamers
1536624,foodie_hunters
1538191,fitness_group
1540950,family_group
1546716,campus_students
1549261,budget_life
1551225,night_owl_gamers
1567099,budget_life
1568387,fitness_group
1571585,budget_life
1579683,foodie_hunters
1584767,campus_students
1585542,family_group
1587774,budget_life
1591783,campus_students
1594514,budget_life
1595031,office_white_collar
1596059,campus_students
1598494,fitness_group
1601203,night_owl_gamers
1602205,family_group
1602945,family_group
1611283,family_group
1615362,campus_students
1623022,campus_students
1626823,foodie_hunters
1627855,office_white_collar
1650204,office_white_collar
1652400,budget_life
1653175,family_group
1658529,family_group
1658885,fitness_group
1663500,foodie_hunters
1664807,fitness_group
1667460,campus_students
1668123,fitness_group
1672686,office_white_collar
1690028,budget_life
1691457,fitness_group
1700393,office_white_collar
1701258,fitness_group
1722833,foodie_hunters
1722993,fitness_group
1724065,foodie_hunters
1733731,office_white_collar
1735209,campus_students
1740267,campus_students
1742585,office_white_collar
1748431,night_owl_gamers
1752371,fitness_group
1753333,family_group
1753400,night_owl_gamers
1753852,office_white_collar
1758698,office_white_collar
1760624,fitness_group
1763427,office_white_collar
1765705,foodie_hunters
1771537,campus_students
1771648,office_white_collar
1774672,fitness_group
1779388,night_owl_gamers
1784045,budget_life
1786578,fitness_group
1791200,office_white_collar
1791863,campus_students
1797147,fitness_group
1805628,budget_life
1810426,family_group
1810774,budget_life
1814415,foodie_hunters
1826371,campus_students
1830452,fitness_group
1832665,night_owl_gamers
1836285,office_white_collar
1836550,budget_life
1837774,office_white_collar
1842569,budget_life
1849069,campus_students
1849351,office_white_collar
1856269,campus_students
1860955,family_group
1866377,foodie_hunters
1867608,fitness_group
1873124,foodie_hunters
1874608,office_white_collar
1874664,budget_life
1875443,family_group
1880283,budget_life
1880535,fitness_group
1888967,family_group
1895675,fitness_group
1896048,night_owl_gamers
1896820,office_white_collar
1897233,campus_students
1899894,campus_students
1911135,campus_students
1921723,fitness_group
1923589,family_group
1926568,budget_life
1930213,family_group
1933411,family_group
1933791,fitness_group
1934376,fitness_group
1937369,office_white_collar
1939787,office_white_collar
1940459,foodie_hunters
1941394,family_group
1942400,foodie_hunters
1944217,family_group
1944995,foodie_hunters
1953028,budget_life
1953347,fitness_group
1962137,budget_life
1969036,office_white_collar
1969590,office_white_collar
1972381,family_group
1980135,office_white_collar
1980580,night_owl_gamers
1982404,family_group
1994243,campus_students
2000437,fitness_group
2005511,fitness_group
2006269,foodie_hunters
2012357,family_group
2025881,night_owl_gamers
2026191,family_group
2028697,night_owl_gamers
2029145,night_owl_gamers
2040165,office_white_collar
2041600,campus_students
2045575,foodie_hunters
2045805,night_owl_gamers
2047091,office_white_collar
2048150,campus_students
2050721,campus_students
2052168,family_group
2053437,family_group
2053963,fitness_group
2055024,budget_life
2057667,campus_students
2062886,night_owl_gamers
2066288,fitness_group
2067235,foodie_hunters
2068284,night_owl_gamers
2068311,fitness_group
2070682,office_white_collar
2073179,foodie_hunters
2087964,fitness_group
2097553,fitness_group
2100528,night_owl_gamers
2101836,campus_students
2102022,budget_life
2105345,campus_students
2106177,campus_students
2106961,office_white_collar
2108394,fitness_group
2111324,budget_life
2119414,fitness_group
2140231,office_white_collar
2145433,foodie_hunters
2146000,fitness_group
2146133,campus_students
2147093,office_white_collar
2151112,night_owl_gamers
2162153,family_group
2171015,campus_students
2185547,night_owl_gamers
2198639,family_group
2201028,family_group
2206381,budget_life
2216465,family_group
2226039,office_white_collar
2231809,budget_life
2233677,family_group
2239628,fitness_group
2243201,budget_life
2244901,office_white_collar
2250172,campus_students
2251189,night_owl_gamers
2255158,family_group
2259804,budget_life
2260000,family_group
2261316,campus_students
2262434,family_group
2265286,night_owl_gamers
2270147,night_owl_gamers
2286665,night_owl_gamers
2300197,campus_students
2319160,family_group
2331506,family_group
2351431,foodie_hunters
2352589,night_owl_gamers
2356257,office_white_collar
2358880,fitness_group
2361365,foodie_hunters
2364831,office_white_collar
2371575,budget_life
2388373,office_white_collar
2413883,family_group
2454581,family_group
2473107,fitness_group
2476475,budget_life
2480019,night_owl_gamers
2480969,family_group
2484358,budget_life
2485900,foodie_hunters
2487959,office_white_collar
2491939,night_owl_gamers
2498717,night_owl_gamers
2501429,foodie_hunters
2505032,office_white_collar
2508251,fitness_group
2508534,office_white_collar
2509628,campus_students
2514556,office_white_collar
2517616,fitness_group
2518141,night_owl_gamers
2525209,night_owl_gamers
2526389,foodie_hunters
2533307,campus_students
2534095,office_white_collar
2537116,fitness_group
2548536,office_white_collar
2551995,family_group
2556372,campus_students
2557296,office_white_collar
2557786,fitness_group
2560207,budget_life
2560267,office_white_collar
2562680,fitness_group
2563343,foodie_hunters
2566752,campus_students
2566776,foodie_hunters
2571644,budget_life
2572702,family_group
2582141,budget_life
2584659,foodie_hunters
2588733,fitness_group
2589012,budget_life
2597635,night_owl_gamers
2598187,fitness_group
2602088,budget_life
2602346,night_owl_gamers
2615269,foodie_hunters
2615356,budget_life
2621224,family_group
2628655,budget_life
2629239,night_owl_gamers
2655966,fitness_group
2656845,office_white_collar
2661459,budget_life
2662092,fitness_group
2664058,night_owl_gamers
2670369,office_white_collar
2670756,campus_students
2674560,family_group
2690743,night_owl_gamers
2692448,foodie_hunters
2692451,fitness_group
2693759,night_owl_gamers
2695818,office_white_collar
2697058,office_white_collar
2705459,night_owl_gamers
2709330,night_owl_gamers
2712351,foodie_hunters
2713303,budget_life
2720268,campus_students
2721434,foodie_hunters
2722716,budget_life
2727694,night_owl_gamers
2733194,office_white_collar
2733387,budget_life
2734216,budget_life
2735033,office_white_collar
2736676,foodie_hunters
2745633,fitness_group
2749662,fitness_group
2761117,campus_students
2767616,night_owl_gamers
2770975,foodie_hunters
2776039,night_owl_gamers
2786532,fitness_group
2798945,campus_students
2807880,budget_life
2811205,family_group
2813705,foodie_hunters
2822735,budget_life
2828698,night_owl_gamers
2829319,foodie_hunters
2835228,night_owl_gamers
2862136,office_white_collar
2863021,fitness_group
2865343,family_group
2869412,budget_life
2870394,office_white_collar
2870979,fitness_group
2875797,campus_students
2894752,foodie_hunters
2906455,office_white_collar
2915176,fitness_group
2923932,family_group
2940751,fitness_group
2944050,office_white_collar
2948392,campus_students
2953894,night_owl_gamers
2957609,family_group
2962210,campus_students
2962933,campus_students
2971149,office_white_collar
2974517,budget_life
2974609,office_white_collar
2976153,night_owl_gamers
2985760,foodie_hunters
2989896,budget_life
2989927,foodie_hunters
2996472,family_group
3012147,family_group
3020066,family_group
3029204,foodie_hunters
3033523,foodie_hunters
3038044,fitness_group
3076769,budget_life
3081348,budget_life
3081974,fitness_group
3091278,night_owl_gamers
3092814,foodie_hunters
3094429,campus_students
3095587,foodie_hunters
3105988,family_group
3109838,campus_students
3114907,budget_life
3115143,family_group
3116250,night_owl_gamers
3118429,budget_life
3124983,budget_life
3129438,campus_students
3136710,night_owl_gamers
3140143,budget_life
3151687,office_white_collar
3153741,office_white_collar
3155141,foodie_hunters
3161723,budget_life
3168314,night_owl_gamers
3168633,office_white_collar
3172115,night_owl_gamers
3185357,foodie_hunters
3185499,fitness_group
3186085,office_white_collar
3200246,fitness_group
3202134,night_owl_gamers
3209204,budget_life
3209454,budget_life
3218731,fitness_group
3234468,budget_life
3235266,fitness_group
3236872,campus_students
3240817,night_owl_gamers
3260121,fitness_group
3260704,night_owl_gamers
3265328,budget_life
3274118,fitness_group
3279289,night_owl_gamers
3280357,foodie_hunters
3281292,family_group
3283101,office_white_collar
3293233,fitness_group
3293499,fitness_group
3295092,night_owl_gamers
3298341,budget_life
3299844,budget_life
3301293,budget_life
3316221,campus_students
3317809,night_owl_gamers
3319131,fitness_group
3320259,family_group
3321547,office_white_collar
3328622,family_group
3331513,campus_students
3342726,campus_students
3344046,foodie_hunters
3347694,night_owl_gamers
3350651,foodie_hunters
3352956,foodie_hunters
3354780,foodie_hunters
3359754,fitness_group
3360468,family_group
3364934,fitness_group
3365011,office_white_collar
3368153,fitness_group
3369381,foodie_hunters
3375637,family_group
3380304,budget_life
3381188,campus_students
3391260,campus_students
3393555,foodie_hunters
3397436,fitness_group
3398406,foodie_hunters
3398618,budget_life
3399398,night_owl_gamers
3400204,office_white_collar
3402958,fitness_group
3409508,night_owl_gamers
3411872,campus_students
3423113,foodie_hunters
3428839,foodie_hunters
3434349,foodie_hunters
3442900,foodie_hunters
3453413,foodie_hunters
3462736,family_group
3467470,fitness_group
3467808,foodie_hunters
3475032,night_owl_gamers
3477958,foodie_hunters
3479694,foodie_hunters
3491950,budget_life
3493853,night_owl_gamers
3515386,night_owl_gamers
3516013,budget_life
3516950,night_owl_gamers
3522180,budget_life
3539692,family_group
3539964,campus_students
3548485,campus_students
3560855,budget_life
3575230,fitness_group
3580662,night_owl_gamers
3582702,fitness_group
3587447,fitness_group
3587910,fitness_group
3590560,office_white_collar
3599732,foodie_hunters
3600136,night_owl_gamers
3600776,campus_students
3601152,family_group
3612212,family_group
3616036,campus_students
3633305,night_owl_gamers
3641374,office_white_collar
3642941,office_white_collar
3645285,family_group
3647283,foodie_hunters
3671391,campus_students
3677286,budget_life
3680698,foodie_hunters
3687446,night_owl_gamers
3688879,family_group
3689798,budget_life
3708076,budget_life
3715446,fitness_group
3724549,foodie_hunters
3727539,foodie_hunters
3730289,budget_life
3735317,foodie_hunters
3739356,night_owl_gamers
3739401,family_group
3746620,family_group
3747967,office_white_collar
3752614,night_owl_gamers
3754931,family_group
3766674,campus_students
3774018,family_group
3774128,campus_students
3774695,fitness_group
3779092,office_white_collar
3781325,office_white_collar
3792200,family_group
3794503,night_owl_gamers
3803077,foodie_hunters
3811142,budget_life
3811487,family_group
3816382,campus_students
3819175,foodie_hunters
3825708,office_white_collar
3828528,foodie_hunters
3833430,campus_students
3835029,night_owl_gamers
3842247,night_owl_gamers
3843875,family_group
3848887,office_white_collar
3850851,fitness_group
3850955,foodie_hunters
3853062,fitness_group
3860421,night_owl_gamers
3861576,campus_students
3864244,family_group
3865783,night_owl_gamers
3868936,night_owl_gamers
3878936,office_white_collar
3881619,campus_students
3884260,office_white_collar
3888860,family_group
3892584,night_owl_gamers
3894043,family_group
3899547,foodie_hunters
3907979,night_owl_gamers
3909903,night_owl_gamers
3924754,office_white_collar
3925856,foodie_hunters
3927234,office_white_collar
3931991,campus_students
3941920,family_group
3942878,fitness_group
3945516,budget_life
3946352,budget_life
3947944,foodie_hunters
3949046,office_white_collar
3951706,campus_students
3954729,foodie_hunters
3961472,family_group
3972592,office_white_collar
3979596,night_owl_gamers
3986251,foodie_hunters
3986364,budget_life
3987955,foodie_hunters
3992220,office_white_collar
3995194,foodie_hunters
3996165,fitness_group
3998645,budget_life
4002681,foodie_hunters
4003074,foodie_hunters
4004217,foodie_hunters
4007212,family_group
4009244,budget_life
4010587,foodie_hunters
4011224,fitness_group
4015445,night_owl_gamers
4017422,foodie_hunters
4017742,budget_life
4028250,office_white_collar
4031440,family_group
4031625,night_owl_gamers
4042666,campus_students
4052273,foodie_hunters
4055160,family_group
4055327,office_white_collar
4060578,fitness_group
4065319,night_owl_gamers
4069223,family_group
4071746,family_group
4080654,campus_students
4122150,fitness_group
4123893,foodie_hunters
4127274,foodie_hunters
4141890,campus_students
4141941,night_owl_gamers
4145754,office_white_collar
4149730,fitness_group
4153782,fitness_group
4157253,foodie_hunters
4165797,fitness_group
4173178,office_white_collar
4173691,campus_students
4193866,office_white_collar
4207312,night_owl_gamers
4209730,budget_life
4210486,fitness_group
4217921,family_group
4218414,office_white_collar
4222494,budget_life
4227614,campus_students
4234449,campus_students
4237016,campus_students
4244363,campus_students
4253408,family_group
4257130,foodie_hunters
4266717,budget_life
4270398,night_owl_gamers
4283244,foodie_hunters
4296135,fitness_group
4296609,foodie_hunters
4299485,fitness_group
4305366,family_group
4305603,office_white_collar
4308219,foodie_hunters
4309975,campus_students
4311542,fitness_group
4311705,night_owl_gamers
4323992,budget_life
4334368,foodie_hunters
4335671,fitness_group
4337158,fitness_group
4341552,fitness_group
4344655,night_owl_gamers
4349860,fitness_group
4353276,fitness_group
4360785,night_owl_gamers
4364954,fitness_group
4366303,office_white_collar
4376623,campus_students
4376840,office_white_collar
4377139,budget_life
4379164,budget_life
4383822,fitness_group
4403674,office_white_collar
4403868,family_group
4409981,foodie_hunters
4413920,office_white_collar
4423064,family_group
4423236,budget_life
4425435,office_white_collar
4426010,campus_students
4432677,family_group
4433872,fitness_group
4434694,budget_life
4438977,budget_life
4458371,family_group
4460046,night_owl_gamers
4464555,fitness_group
4465292,office_white_collar
4465892,fitness_group
4468185,fitness_group
4468976,fitness_group
4485130,foodie_hunters
4493903,budget_life
4494453,night_owl_gamers
4494751,foodie_hunters
4502244,office_white_collar
4506949,night_owl_gamers
4507161,budget_life
4507260,night_owl_gamers
4510383,office_white_collar
4511369,budget_life
4515049,night_owl_gamers
4516440,budget_life
4531695,campus_students
4542060,budget_life
4544946,office_white_collar
4549040,foodie_hunters
4551245,office_white_collar
4552110,campus_students
4554208,fitness_group
4554878,family_group
4555983,family_group
4556496,family_group
4562383,foodie_hunters
4563162,budget_life
4582296,family_group
4585654,office_white_collar
4614440,night_owl_gamers
4616178,office_white_collar
4616193,budget_life
4617711,night_owl_gamers
4617992,night_owl_gamers
4620562,campus_students
4625336,foodie_hunters
4629334,night_owl_gamers
4638304,budget_life
4645369,office_white_collar
4659716,family_group
4663618,foodie_hunters
4680531,budget_life
4681591,office_white_collar
4681906,budget_life
4683346,foodie_hunters
4684179,office_white_collar
4687927,foodie_hunters
4691036,night_owl_gamers
4700538,campus_students
4713268,foodie_hunters
4716405,foodie_hunters
4727616,foodie_hunters
4738349,family_group
4744920,office_white_collar
4749015,night_owl_gamers
4772518,family_group
4774213,campus_students
4803695,foodie_hunters
4806877,night_owl_gamers
4811986,night_owl_gamers
4827979,foodie_hunters
4831576,night_owl_gamers
4842856,night_owl_gamers
4845717,fitness_group
4849236,family_group
4853861,foodie_hunters
4854582,fitness_group
4894516,family_group
4895795,campus_students
4897216,night_owl_gamers
4897933,family_group
4907419,family_group
4918807,budget_life
4921359,night_owl_gamers
4929296,family_group
4936518,fitness_group
4947167,foodie_hunters
4954741,office_white_collar
4965070,budget_life
4972599,budget_life
4977199,budget_life
4978741,foodie_hunters
4983545,campus_students
4986322,night_owl_gamers
4991308,campus_students
4993401,budget_life
4994341,foodie_hunters
5011517,foodie_hunters
5014259,campus_students
5015719,foodie_hunters
5025856,campus_students
5045572,campus_students
5050335,night_owl_gamers
5059309,night_owl_gamers
5062497,office_white_collar
5063764,foodie_hunters
5064219,budget_life
5081418,campus_students
5090653,night_owl_gamers
5093320,family_group
5111349,fitness_group
5126807,campus_students
5135350,foodie_hunters
5153087,office_white_collar
5159253,budget_life
5189381,budget_life
5193325,night_owl_gamers
5199185,foodie_hunters
5200763,campus_students
5204398,office_white_collar
5207674,night_owl_gamers
5216289,family_group
5222476,budget_life
5233548,office_white_collar
5237624,budget_life
5241030,foodie_hunters
5244099,fitness_group
5247633,night_owl_gamers
5250614,fitness_group
5258615,office_white_collar
5262942,fitness_group
5266748,fitness_group
5274706,fitness_group
5277073,night_owl_gamers
5279312,night_owl_gamers
5284867,campus_students
5288644,fitness_group
5290859,office_white_collar
5292737,family_group
5295602,office_white_collar
5297508,fitness_group
5302369,night_owl_gamers
5303506,night_owl_gamers
5304876,office_white_collar
5311778,campus_students
5313241,family_group
5320541,campus_students
5322272,budget_life
5331729,campus_students
5338256,family_group
5340515,family_group
5345339,fitness_group
5345538,foodie_hunters
5345717,night_owl_gamers
5348506,family_group
5349120,office_white_collar
5351950,fitness_group
5353849,campus_students
5368023,office_white_collar
5369435,foodie_hunters
5371433,campus_students
5376881,fitness_group
5380256,fitness_group
5382193,budget_life
5384516,campus_students
5385423,office_white_collar
5386573,fitness_group
5387656,campus_students
5392310,night_owl_gamers
5416551,budget_life
5416722,budget_life
5423579,campus_students
5425191,fitness_group
5428326,fitness_group
5431121,family_group
5447084,campus_students
5447349,budget_life
5451504,night_owl_gamers
5452621,night_owl_gamers
5453839,night_owl_gamers
5460794,night_owl_gamers
5468027,fitness_group
5469777,budget_life
5477110,family_group
5478157,family_group
5478726,foodie_hunters
5479071,fitness_group
5489585,office_white_collar
5500818,fitness_group
5502565,night_owl_gamers
5508247,campus_students
5508309,fitness_group
5510744,fitness_group
5521994,campus_students
5531100,family_group
5537771,night_owl_gamers
5538820,family_group
5540175,budget_life
5541508,foodie_hunters
5541991,foodie_hunters
5543657,budget_life
5545316,family_group
5548076,budget_life
5558763,family_group
5563207,campus_students
5590821,budget_life
5592513,family_group
5601513,budget_life
5606647,fitness_group
5611834,family_group
5611916,night_owl_gamers
5614764,fitness_group
5617649,foodie_hunters
5622390,family_group
5634989,family_group
5635625,campus_students
5642596,foodie_hunters
5652280,budget_life
5655332,budget_life
5656613,fitness_group
5663602,campus_students
5664480,foodie_hunters
5668979,family_group
5678143,budget_life
5678417,fitness_group
5679088,night_owl_gamers
5680164,family_group
5681949,night_owl_gamers
5682746,night_owl_gamers
5682863,foodie_hunters
5688441,family_group
5692831,family_group
5696036,budget_life
5706263,fitness_group
5707909,campus_students
5713687,campus_students
5716746,night_owl_gamers
5723603,family_group
5724790,fitness_group
5726330,night_owl_gamers
5729756,family_group
5730006,campus_students
5733120,foodie_hunters
5734215,foodie_hunters
5746686,office_white_collar
5753582,family_group
5766222,foodie_hunters
5767973,foodie_hunters
5769967,night_owl_gamers
5782492,family_group
5788537,budget_life
5795874,fitness_group
5800228,family_group
5821537,budget_life
5836894,budget_life
5851308,foodie_hunters
5872238,campus_students
5873242,campus_students
5894712,budget_life
5898317,campus_students
5908433,night_owl_gamers
5919218,foodie_hunters
5921538,family_group
5925106,budget_life
5927859,budget_life
5928299,fitness_group
5933288,office_white_collar
5934351,foodie_hunters
5948413,budget_life
5958181,campus_students
5959715,night_owl_gamers
5960222,campus_students
5960654,night_owl_gamers
5968793,campus_students
5969145,budget_life
5970280,campus_students
5977923,office_white_collar
5978368,office_white_collar
5982043,night_owl_gamers
5982372,fitness_group
5983084,campus_students
5983862,office_white_collar
5984409,family_group
5998841,office_white_collar
6003970,night_owl_gamers
6006801,office_white_collar
6008746,fitness_group
6011716,office_white_collar
6015597,budget_life
6016163,office_white_collar
6018904,foodie_hunters
6021795,foodie_hunters
6026898,foodie_hunters
6027927,fitness_group
6028954,fitness_group
6031460,fitness_group
6035460,fitness_group
6056981,night_owl_gamers
6058188,fitness_group
6059195,campus_students
6062509,family_group
6066068,family_group
6067125,night_owl_gamers
6068244,fitness_group
6080260,campus_students
6082950,office_white_collar
6086139,budget_life
6086572,budget_life
6086807,budget_life
6090509,office_white_collar
6091939,family_group
6095673,campus_students
6096920,foodie_hunters
6100239,foodie_hunters
6109233,fitness_group
6109531,office_white_collar
6111892,night_owl_gamers
6113331,campus_students
6122876,family_group
6123922,campus_students
6124231,family_group
6153975,foodie_hunters
6178467,night_owl_gamers
6182627,budget_life
6183619,campus_students
6186813,budget_life
6187181,fitness_group
6227647,night_owl_gamers
6229746,fitness_group
6244813,office_white_collar
6254957,family_group
6259693,fitness_group
6274680,budget_life
6284217,night_owl_gamers
6289656,budget_life
6291465,family_group
6300223,campus_students
6309797,night_owl_gamers
6337788,office_white_collar
6346777,budget_life
6367737,family_group
6402192,night_owl_gamers
6402968,campus_students
6408830,fitness_group
6412062,family_group
6413137,campus_students
6417417,fitness_group
6422726,campus_students
6423676,family_group
6423756,foodie_hunters
6425359,foodie_hunters
6428655,night_owl_gamers
6435923,budget_life
6439849,foodie_hunters
6442736,foodie_hunters
6455040,office_white_collar
6462909,budget_life
6469220,office_white_collar
6472579,office_white_collar
6487875,budget_life
6495036,foodie_hunters
6495185,fitness_group
6497299,office_white_collar
6506184,budget_life
6507077,fitness_group
6510789,office_white_collar
6513055,fitness_group
6532672,foodie_hunters
6535258,family_group
6542845,family_group
6546868,budget_life
6552835,office_white_collar
6554683,fitness_group
6558480,fitness_group
6561875,night_owl_gamers
6564115,office_white_collar
6565080,fitness_group
6567886,office_white_collar
6572458,fitness_group
6579463,campus_students
6580139,night_owl_gamers
6585402,budget_life
6588467,office_white_collar
6590285,budget_life
6600175,foodie_hunters
6600183,office_white_collar
6605459,fitness_group
6608705,campus_students
6623375,night_owl_gamers
6623996,office_white_collar
6632228,budget_life
6632360,campus_students
6643317,budget_life
6650722,fitness_group
6653758,family_group
6657285,foodie_hunters
6658598,fitness_group
6661397,budget_life
6662904,fitness_group
6674569,budget_life
6681369,fitness_group
6688970,family_group
6689518,foodie_hunters
6694451,night_owl_gamers
6694554,fitness_group
6697035,campus_students
6697091,office_white_collar
6699167,office_white_collar
6712093,budget_life
6712687,fitness_group
6718532,campus_students
6723668,campus_students
6734031,foodie_hunters
6735417,family_group
6741132,office_white_collar
6750147,night_owl_gamers
6752008,office_white_collar
6757335,budget_life
6757639,fitness_group
6761926,family_group
6766186,night_owl_gamers
6766348,night_owl_gamers
6766893,fitness_group
6767432,campus_students
6770128,fitness_group
6773466,night_owl_gamers
6775205,foodie_hunters
6780269,foodie_hunters
6782435,night_owl_gamers
6787314,budget_life
6790157,office_white_collar
6790526,office_white_collar
6794188,office_white_collar
6796067,fitness_group
6796999,foodie_hunters
6813616,foodie_hunters
6823315,night_owl_gamers
6833866,budget_life
6835066,night_owl_gamers
6837160,foodie_hunters
6840484,foodie_hunters
6841936,fitness_group
6843161,night_owl_gamers
6843260,family_group
6848582,budget_life
6848671,fitness_group
6849449,office_white_collar
6855728,office_white_collar
6856868,family_group
6857844,family_group
6862067,foodie_hunters
6862982,night_owl_gamers
6864093,night_owl_gamers
6865179,fitness_group
6865954,budget_life
6873161,fitness_group
6878193,budget_life
6878677,office_white_collar
6879614,office_white_collar
6881191,office_white_collar
6896704,campus_students
6901968,budget_life
6906699,budget_life
6908553,office_white_collar
6908861,fitness_group
6910570,night_owl_gamers
6914998,foodie_hunters
6955353,night_owl_gamers
6966793,fitness_group
6968927,campus_students
6972213,office_white_collar
6972416,office_white_collar
6981919,family_group
6981990,budget_life
6986486,family_group
6987021,foodie_hunters
6987666,fitness_group
6988010,campus_students
7003606,campus_students
7005690,night_owl_gamers
7016339,campus_students
7023834,foodie_hunters
7025205,office_white_collar
7027037,office_white_collar
7038226,family_group
7041168,family_group
7066915,night_owl_gamers
7072662,foodie_hunters
7072970,family_group
7073759,family_group
7074762,night_owl_gamers
7077368,office_white_collar
7077478,foodie_hunters
7082304,foodie_hunters
7084555,budget_life
7084741,fitness_group
7099005,foodie_hunters
7101575,night_owl_gamers
7101791,foodie_hunters
7103793,office_white_collar
7104372,campus_students
7106395,office_white_collar
7107168,fitness_group
7107603,budget_life
7112223,family_group
7114383,office_white_collar
7117585,campus_students
7122050,night_owl_gamers
7133241,foodie_hunters
7137352,campus_students
7139584,campus_students
7140004,campus_students
7143304,foodie_hunters
7154575,foodie_hunters
7156519,budget_life
7162322,family_group
7166761,night_owl_gamers
7167796,family_group
7167955,night_owl_gamers
7173391,budget_life
7173621,budget_life
7179580,foodie_hunters
7185270,campus_students
7187729,campus_students
7189400,fitness_group
7204098,foodie_hunters
7204581,family_group
7204740,foodie_hunters
7205863,night_owl_gamers
7221025,office_white_collar
7222197,foodie_hunters
7224712,family_group
7226862,night_owl_gamers
7229917,campus_students
7230170,family_group
7231752,campus_students
7237796,fitness_group
7255591,budget_life
7260712,budget_life
7262567,family_group
7265686,night_owl_gamers
7267496,budget_life
7270330,campus_students
7270945,foodie_hunters
7274795,night_owl_gamers
7277559,family_group
7279035,office_white_collar
7286849,fitness_group
7287891,night_owl_gamers
7292207,campus_students
7293086,fitness_group
7305606,family_group
7314310,office_white_collar
7318086,campus_students
7318571,budget_life
7319622,night_owl_gamers
7320144,campus_students
7321784,budget_life
7329368,family_group
7330288,budget_life
7332812,night_owl_gamers
7335201,fitness_group
7335988,budget_life
7339268,night_owl_gamers
7343480,night_owl_gamers
7344399,campus_students
7347682,budget_life
7353270,family_group
7353993,foodie_hunters
7354192,family_group
7368334,foodie_hunters
7369674,office_white_collar
7374263,office_white_collar
7377394,foodie_hunters
7378007,foodie_hunters
7379382,budget_life
7386879,office_white_collar
7389614,family_group
7390798,budget_life
7391374,fitness_group
7391584,family_group
7392387,fitness_group
7397464,campus_students
7400126,budget_life
7401589,office_white_collar
7404196,campus_students
7407773,campus_students
7408413,campus_students
7412284,night_owl_gamers
7412812,foodie_hunters
7415880,family_group
7416077,campus_students
7419213,fitness_group
7422262,campus_students
7434320,family_group
7437625,campus_students
7441365,fitness_group
7444148,family_group
7445997,family_group
7448174,campus_students
7449213,office_white_collar
7449863,night_owl_gamers
7452249,family_group
7452533,foodie_hunters
7457322,foodie_hunters
7462069,night_owl_gamers
7471009,foodie_hunters
7473880,foodie_hunters
7479776,campus_students
7481141,foodie_hunters
7482494,night_owl_gamers
7484455,office_white_collar
7488598,foodie_hunters
7489578,family_group
7489895,family_group
7491104,night_owl_gamers
7492002,budget_life
7497665,campus_students
7502800,fitness_group
7507828,foodie_hunters
7510150,campus_students
7512118,foodie_hunters
7533263,campus_students
7535226,family_group
7538117,office_white_collar
7541581,budget_life
7542741,campus_students
7544843,foodie_hunters
7545620,office_white_collar
7546429,family_group
7549406,fitness_group
7552385,night_owl_gamers
7554041,foodie_hunters
7557038,fitness_group
7574940,office_white_collar
7576368,family_group
7580374,night_owl_gamers
7587112,campus_students
7587323,family_group
7603315,fitness_group
7603875,budget_life
7606869,family_group
7609174,foodie_hunters
7611629,family_group
7614965,budget_life
7615100,fitness_group
7617351,budget_life
7621944,budget_life
7623132,foodie_hunters
7633287,night_owl_gamers
7634381,foodie_hunters
7637288,night_owl_gamers
7641892,family_group
7645292,campus_students
7664358,family_group
7665794,office_white_collar
7665866,budget_life
7667125,night_owl_gamers
7669871,family_group
7669972,family_group
7672147,family_group
7674895,fitness_group
7679745,office_white_collar
7687127,family_group
7696802,night_owl_gamers
7698662,office_white_collar
7704608,office_white_collar
7707332,family_group
7715202,budget_life
7717311,foodie_hunters
7726260,family_group
7728254,fitness_group
7728651,budget_life
7733184,foodie_hunters
7736915,office_white_collar
7753930,foodie_hunters
7756631,office_white_collar
7765745,family_group
7767747,night_owl_gamers
7770402,foodie_hunters
7773306,office_white_collar
7775678,fitness_group
7777062,night_owl_gamers
7781673,campus_students
7786852,foodie_hunters
7786987,campus_students
7800611,campus_students
7805717,family_group
7807565,budget_life
7814478,family_group
7814684,family_group
7822754,fitness_group
7823907,office_white_collar
7843553,night_owl_gamers
7845130,night_owl_gamers
7871516,budget_life
7873822,campus_students
7873962,family_group
7879530,budget_life
7886403,fitness_group
7890391,family_group
7898482,campus_students
7902737,night_owl_gamers
7904687,family_group
7908153,foodie_hunters
7927058,fitness_group
7934089,fitness_group
7938778,office_white_collar
7940993,budget_life
7945394,night_owl_gamers
7957950,budget_life
7964314,campus_students
7967674,family_group
7972592,office_white_collar
7981772,fitness_group
7993147,fitness_group
7998726,family_group
8004567,foodie_hunters
8013008,night_owl_gamers
8013355,office_white_collar
8019673,fitness_group
8032127,family_group
8041379,family_group
8047146,fitness_group
8050866,fitness_group
8054805,fitness_group
8061435,campus_students
8075167,office_white_collar
8079040,foodie_hunters
8079655,office_white_collar
8099302,office_white_collar
8103795,night_owl_gamers
8106163,family_group
8115415,night_owl_gamers
8118980,fitness_group
8121391,fitness_group
8122556,night_owl_gamers
8143266,budget_life
8143802,campus_students
8165686,campus_students
8195890,foodie_hunters
8197591,foodie_hunters
8209116,office_white_collar
8219799,foodie_hunters
8222643,family_group
8224496,office_white_collar
8225293,fitness_group
8232678,fitness_group
8232889,office_white_collar
8234339,fitness_group
8235973,campus_students
8237246,night_owl_gamers
8242132,family_group
8242799,fitness_group
8245030,family_group
8251425,family_group
8256767,foodie_hunters
8257822,fitness_group
8266199,family_group
8282411,budget_life
8282826,office_white_collar
8284112,night_owl_gamers
8287215,campus_students
8291411,campus_students
8291872,night_owl_gamers
8291874,family_group
8293255,campus_students
8294805,family_group
8297076,campus_students
8298925,night_owl_gamers
8300468,foodie_hunters
8302109,family_group
8316939,campus_students
8320571,night_owl_gamers
8328687,office_white_collar
8337235,campus_students
8340330,foodie_hunters
8349976,campus_students
8357714,office_white_collar
8360448,family_group
8365982,fitness_group
8372447,foodie_hunters
8377649,foodie_hunters
8380128,family_group
8381049,campus_students
8381774,night_owl_gamers
8383265,foodie_hunters
8384088,night_owl_gamers
8392604,fitness_group
8392901,campus_students
8398963,fitness_group
8404046,budget_life
8404754,night_owl_gamers
8415753,campus_students
8418762,campus_students
8422707,family_group
8425703,family_group
8433051,night_owl_gamers
8437150,foodie_hunters
8441020,family_group
8448726,family_group
8450676,foodie_hunters
8452140,family_group
8467270,night_owl_gamers
8468275,foodie_hunters
8483913,budget_life
8486230,budget_life
8488860,foodie_hunters
8490956,foodie_hunters
8496171,family_group
8500494,fitness_group
8501228,family_group
8502942,family_group
8509189,budget_life
8514957,night_owl_gamers
8522736,foodie_hunters
8524685,office_white_collar
8526116,campus_students
8526955,fitness_group
8529999,fitness_group
8531865,foodie_hunters
8543091,office_white_collar
8545214,fitness_group
8546569,night_owl_gamers
8558084,night_owl_gamers
8562700,fitness_group
8576745,night_owl_gamers
8580627,family_group
8595181,night_owl_gamers
8599539,office_white_collar
8601322,night_owl_gamers
8601691,night_owl_gamers
8602992,campus_students
8606598,office_white_collar
8614467,family_group
8615881,foodie_hunters
8622423,foodie_hunters
8623614,family_group
8625769,budget_life
8630162,campus_students
8630696,office_white_collar
8631426,campus_students
8635875,foodie_hunters
8635987,budget_life
8638044,night_owl_gamers
8642753,family_group
8645377,campus_students
8647401,night_owl_gamers
8651374,fitness_group
8656391,office_white_collar
8656518,night_owl_gamers
8656618,office_white_collar
8663733,budget_life
8664885,budget_life
8667867,foodie_hunters
8668617,foodie_hunters
8670885,night_owl_gamers
8675825,night_owl_gamers
8677219,campus_students
8681013,fitness_group
8681427,budget_life
8687080,campus_students
8699770,campus_students
8701929,campus_students
8703315,family_group
8707415,budget_life
8711320,family_group
8725925,family_group
8731927,fitness_group
8733110,budget_life
8734250,campus_students
8740454,budget_life
8749659,foodie_hunters
8751096,campus_students
8753018,fitness_group
8753066,night_owl_gamers
8754109,fitness_group
8754371,foodie_hunters
8759003,office_white_collar
8762839,budget_life
8775366,family_group
8778806,campus_students
8788041,office_white_collar
8790497,fitness_group
8791015,night_owl_gamers
8793303,fitness_group
8793780,campus_students
8794006,foodie_hunters
8797782,foodie_hunters
8803736,budget_life
8810191,foodie_hunters
8819454,foodie_hunters
8819993,budget_life
8827739,family_group
8829014,budget_life
8829208,foodie_hunters
8836134,office_white_collar
8844561,budget_life
8844846,foodie_hunters
8846869,family_group
8848853,foodie_hunters
8857133,budget_life
8863956,budget_life
8864515,family_group
8880539,campus_students
8907297,night_owl_gamers
8912428,foodie_hunters
8918559,fitness_group
8921890,night_owl_gamers
8929067,family_group
8931139,foodie_hunters
8934383,fitness_group
8941350,office_white_collar
8943253,budget_life
8948261,fitness_group
8957883,fitness_group
8958021,fitness_group
8958606,campus_students
8958643,fitness_group
8959599,campus_students
8960507,foodie_hunters
8963529,campus_students
8963596,office_white_collar
8973407,fitness_group
8974396,family_group
8977747,campus_students
8978527,budget_life
8982122,campus_students
8983065,fitness_group
8985909,night_owl_gamers
8990130,office_white_collar
8997439,night_owl_gamers
9005017,fitness_group
9010177,budget_life
9010639,budget_life
9016147,office_white_collar
9043446,campus_students
9045636,night_owl_gamers
9050707,office_white_collar
9064906,office_white_collar
9074751,office_white_collar
9076132,budget_life
9084432,office_white_collar
9084443,night_owl_gamers
9087857,family_group
9089948,budget_life
9096730,night_owl_gamers
9106874,fitness_group
9107362,foodie_hunters
9107388,campus_students
9112744,foodie_hunters
9117500,fitness_group
9120707,foodie_hunters
9122042,family_group
9123592,office_white_collar
9126615,office_white_collar
9131124,family_group
9132488,fitness_group
9140071,foodie_hunters
9143284,office_white_collar
9153094,night_owl_gamers
9170553,foodie_hunters
9174116,foodie_hunters
9175288,budget_life
9175630,office_white_collar
9175684,fitness_group
9175764,budget_life
9184526,office_white_collar
9186274,campus_students
9190794,fitness_group
9190882,office_white_collar
9193255,office_white_collar
9194313,budget_life
9197103,night_owl_gamers
9199090,budget_life
9202750,foodie_hunters
9205864,foodie_hunters
9206690,family_group
9209055,office_white_collar
9216521,budget_life
9239681,night_owl_gamers
9244817,budget_life
9253777,family_group
9258917,budget_life
9259833,family_group
9266764,campus_students
9268882,budget_life
9269118,campus_students
9278585,night_owl_gamers
9280760,family_group
9287844,family_group
9292683,fitness_group
9294998,fitness_group
9296196,office_white_collar
9297696,budget_life
9319462,fitness_group
9327990,night_owl_gamers
9330285,campus_students
9333065,family_group
9335049,foodie_hunters
9340895,fitness_group
9355865,family_group
9358292,office_white_collar
9358548,budget_life
9370669,campus_students
9375456,family_group
9376265,campus_students
9377317,office_white_collar
9379727,family_group
9379842,family_group
9380267,campus_students
9395466,office_white_collar
9400623,fitness_group
9410821,campus_students
9417360,campus_students
9428832,fitness_group
9431794,campus_students
9438340,fitness_group
9438703,family_group
9468844,night_owl_gamers
9471166,office_white_collar
9471764,campus_students
9472763,family_group
9476233,foodie_hunters
9480500,office_white_collar
9487904,foodie_hunters
9496253,night_owl_gamers
9500080,night_owl_gamers
9505634,family_group
9511917,night_owl_gamers
9512409,office_white_collar
9522375,budget_life
9527143,night_owl_gamers
9531369,foodie_hunters
9553731,family_group
9566105,office_white_collar
9599735,fitness_group
9606656,office_white_collar
9620170,budget_life
9624328,family_group
9628915,fitness_group
9638816,fitness_group
9653687,night_owl_gamers
9654046,campus_students
9664756,campus_students
9698345,budget_life
9708643,family_group
9708881,night_owl_gamers
9718529,campus_students
9724956,office_white_collar
9749273,foodie_hunters
9759084,campus_students
9764354,fitness_group
9772801,office_white_collar
9776680,campus_students
9776689,family_group
9777290,campus_students
9783363,family_group
9793519,campus_students
9802895,office_white_collar
9816055,family_group
9824724,fitness_group
9837587,budget_life
9846856,fitness_group
9849287,fitness_group
9859369,night_owl_gamers
9865424,budget_life
9879747,fitness_group
9882465,foodie_hunters
9915033,night_owl_gamers
9952697,office_white_collar
9953471,family_group
10005460,foodie_hunters
10009164,night_owl_gamers
10009885,campus_students
10010762,foodie_hunters
10020341,campus_students
10023922,family_group
10024020,office_white_collar
10026757,family_group
10033878,family_group
10035350,foodie_hunters
10037932,family_group
10037995,office_white_collar
10049649,fitness_group
10053790,office_white_collar
10058654,fitness_group
10062435,family_group
10070110,campus_students
10071233,family_group
10082412,office_white_collar
10083787,campus_students
10084112,foodie_hunters
10084963,budget_life
10086803,campus_students
10092345,campus_students
10099385,budget_life
10108841,fitness_group
10120928,fitness_group
10124828,office_white_collar
10135215,budget_life
10139045,fitness_group
10140519,campus_students
10144409,night_owl_gamers
10147224,fitness_group
10154960,campus_students
10155769,foodie_hunters
10156509,office_white_collar
10158734,fitness_group
10162307,night_owl_gamers
10163333,night_owl_gamers
10164133,budget_life
10170064,office_white_collar
10171261,budget_life
10171922,office_white_collar
10177794,budget_life
10179420,office_white_collar
10179657,campus_students
10187560,family_group
10188249,night_owl_gamers
10198442,family_group
10208827,fitness_group
10210449,budget_life
10229901,campus_students
10231548,foodie_hunters
10246947,budget_life
10250766,foodie_hunters
10252327,night_owl_gamers
10253635,office_white_collar
10259281,campus_students
10261720,foodie_hunters
10262290,campus_students
10265545,night_owl_gamers
10265909,budget_life
10272576,office_white_collar
10279520,office_white_collar
10281184,night_owl_gamers
10284311,fitness_group
10285644,campus_students
10285796,office_white_collar
10287233,office_white_collar
10290533,budget_life
10295917,foodie_hunters
10304567,campus_students
10321163,campus_students
10321229,family_group
10321518,fitness_group
10327545,office_white_collar
10329289,foodie_hunters
10330345,budget_life
10332456,night_owl_gamers
10336057,fitness_group
10336923,budget_life
10339685,budget_life
10345143,foodie_hunters
10346885,family_group
10347118,night_owl_gamers
10350186,campus_students
10353106,campus_students
10355583,fitness_group
10358446,fitness_group
10360455,foodie_hunters
10362309,budget_life
10367450,fitness_group
10368300,campus_students
10372109,family_group
10373225,budget_life
10376601,budget_life
10378700,foodie_hunters
10381533,budget_life
10383640,family_group
10393670,budget_life
10394274,family_group
10398855,office_white_collar
10412392,budget_life
10412707,campus_students
10416299,campus_students
10439288,fitness_group
10441663,budget_life
10445023,night_owl_gamers
10446026,campus_students
10451028,office_white_collar
10452414,campus_students
10452908,office_white_collar
10457045,night_owl_gamers
10457174,night_owl_gamers
10507588,campus_students
10518693,fitness_group
10523955,office_white_collar
10525290,office_white_collar
10528100,budget_life
10537753,family_group
10544640,office_white_collar
10554570,family_group
10555573,budget_life
10555834,fitness_group
10560682,night_owl_gamers
10563684,campus_students
10566957,fitness_group
10571343,night_owl_gamers
10574582,office_white_collar
10584312,campus_students
10585781,office_white_collar
10588225,family_group
10588695,family_group
10591089,fitness_group
10596264,family_group
10596567,family_group
10602193,budget_life
10602889,night_owl_gamers
10607188,office_white_collar
10608374,office_white_collar
10622764,night_owl_gamers
10626845,night_owl_gamers
10627666,fitness_group
10628330,office_white_collar
10630048,budget_life
10632434,family_group
10635596,fitness_group
10638474,budget_life
10639210,campus_students
10645490,foodie_hunters
10652475,office_white_collar
10655119,office_white_collar
10664371,campus_students
10671203,campus_students
10674137,night_owl_gamers
10674154,night_owl_gamers
10674587,night_owl_gamers
10682197,fitness_group
10691107,campus_students
10691181,budget_life
10698841,fitness_group
10702661,family_group
10705687,office_white_collar
10706760,campus_students
10714772,foodie_hunters
10716716,budget_life
10717070,budget_life
10720140,night_owl_gamers
10748611,night_owl_gamers
10749441,family_group
10751984,fitness_group
10755339,night_owl_gamers
10761622,night_owl_gamers
10765281,foodie_hunters
10766995,foodie_hunters
10772514,budget_life
10781496,family_group
10787013,foodie_hunters
10794501,fitness_group
10797599,campus_students
10799508,family_group
10804255,night_owl_gamers
10805068,family_group
10811351,family_group
10817802,foodie_hunters
10821569,foodie_hunters
10838262,night_owl_gamers
10839553,family_group
10847090,night_owl_gamers
10850020,foodie_hunters
10860636,office_white_collar
10862549,night_owl_gamers
10862784,foodie_hunters
10866249,budget_life
10868009,fitness_group
10871870,office_white_collar
10874688,fitness_group
10877192,fitness_group
10884336,family_group
10887525,office_white_collar
10892844,budget_life
10893555,fitness_group
10894530,fitness_group
10897253,office_white_collar
10930348,budget_life
10934634,campus_students
10934850,budget_life
10936632,night_owl_gamers
10937710,family_group
10939210,fitness_group
10942448,budget_life
10944447,fitness_group
10945284,office_white_collar
10948022,budget_life
10951185,budget_life
10954933,office_white_collar
10957213,budget_life
10960705,budget_life
10968824,campus_students
10974654,campus_students
10985767,family_group
10989177,office_white_collar
10996324,foodie_hunters
11000746,night_owl_gamers
11003296,fitness_group
11005565,family_group
11009241,night_owl_gamers
11013839,campus_students
11024106,office_white_collar
11042266,family_group
11049724,campus_students
11069306,campus_students
11073413,fitness_group
11074676,campus_students
11075609,night_owl_gamers
11077943,foodie_hunters
11080043,family_group
11082663,night_owl_gamers
11088211,foodie_hunters
11093049,family_group
11098673,foodie_hunters
11102394,family_group
11102641,family_group
11105647,night_owl_gamers
11108372,foodie_hunters
11128947,fitness_group
11130096,fitness_group
11139809,fitness_group
11139993,fitness_group
11141394,family_group
11151304,budget_life
11168004,office_white_collar
11173600,fitness_group
11198592,office_white_collar
11205242,budget_life
11212406,campus_students
11215482,foodie_hunters
11219330,family_group
11224131,fitness_group
11224939,fitness_group
11228465,fitness_group
11252748,campus_students
11262708,night_owl_gamers
11266398,campus_students
11270566,family_group
11272196,fitness_group
11273329,campus_students
11278537,foodie_hunters
11284857,foodie_hunters
11295934,fitness_group
11302375,fitness_group
11310231,family_group
11315264,office_white_collar
11318506,family_group
11320480,foodie_hunters
11321675,family_group
11322089,family_group
11331724,budget_life
11334224,budget_life
11334480,office_white_collar
11335875,night_owl_gamers
11338753,campus_students
11359135,family_group
11361644,office_white_collar
11369572,budget_life
11379504,fitness_group
11383471,campus_students
11391628,fitness_group
11398087,campus_students
11403998,family_group
11406990,family_group
11407129,campus_students
11407596,family_group
11408543,foodie_hunters
11409433,fitness_group
11411577,budget_life
11412631,fitness_group
11422713,budget_life
11438814,family_group
11443507,budget_life
11443520,family_group
11444315,budget_life
11450979,campus_students
11455455,campus_students
11459292,budget_life
11474025,family_group
11474063,family_group
11481258,fitness_group
11482086,fitness_group
11487026,night_owl_gamers
11501818,family_group
11508325,night_owl_gamers
11510316,campus_students
11511526,fitness_group
11530281,fitness_group
11536901,family_group
11537215,foodie_hunters
11538834,campus_students
11540106,foodie_hunters
11546271,fitness_group
11552486,night_owl_gamers
11557420,office_white_collar
11562874,fitness_group
11564658,foodie_hunters
11575766,night_owl_gamers
11581718,foodie_hunters
11584861,family_group
11585162,campus_students
11587777,family_group
11590658,family_group
11591770,fitness_group
11592939,campus_students
11599063,foodie_hunters
11601350,budget_life
11603355,night_owl_gamers
11605016,family_group
11605603,family_group
11611627,night_owl_gamers
11614162,fitness_group
11620222,foodie_hunters
11620917,office_white_collar
11624560,budget_life
11641242,fitness_group
11644608,office_white_collar
11648896,fitness_group
11653690,family_group
11654025,budget_life
11660421,night_owl_gamers
11661064,foodie_hunters
11668740,campus_students
11669470,foodie_hunters
11671522,night_owl_gamers
11676661,budget_life
11682277,campus_students
11683513,office_white_collar
11684333,campus_students
11686177,budget_life
11688964,night_owl_gamers
11690099,office_white_collar
11693170,campus_students
11702845,budget_life
11710178,family_group
11714438,budget_life
11730417,foodie_hunters
11741523,campus_students
11744483,budget_life
11746460,fitness_group
11753154,night_owl_gamers
11756340,budget_life
11759309,office_white_collar
11763924,foodie_hunters
11764152,night_owl_gamers
11765455,office_white_collar
11767042,budget_life
11777007,office_white_collar
11777655,night_owl_gamers
11781026,night_owl_gamers
11781722,budget_life
11783560,foodie_hunters
11784180,fitness_group
11785457,foodie_hunters
11796235,night_owl_gamers
11806652,fitness_group
11807707,office_white_collar
11811516,budget_life
11811551,office_white_collar
11811899,office_white_collar
11814632,fitness_group
11814919,office_white_collar
11826291,family_group
11827342,night_owl_gamers
11827851,foodie_hunters
11828486,budget_life
11834424,office_white_collar
11835240,family_group
11872267,night_owl_gamers
11876738,fitness_group
11880723,family_group
11886239,campus_students
11891557,budget_life
11893274,campus_students
11895219,foodie_hunters
11904761,office_white_collar
11912416,foodie_hunters
11941413,night_owl_gamers
11942423,campus_students
11951370,campus_students
11954111,night_owl_gamers
11965472,foodie_hunters
11971700,family_group
11972179,night_owl_gamers
11986431,family_group
11990529,budget_life
11994160,family_group
11994818,night_owl_gamers
11997380,family_group
12001368,family_group
12007619,night_owl_gamers
12008193,fitness_group
12049642,foodie_hunters
12055775,budget_life
12065488,night_owl_gamers
12068679,foodie_hunters
12078624,budget_life
12103051,budget_life
12126595,fitness_group
12127665,night_owl_gamers
12129650,foodie_hunters
12135475,foodie_hunters
12135899,fitness_group
12148776,family_group
12162287,budget_life
12164435,budget_life
12164965,campus_students
12167382,office_white_collar
12167887,family_group
12173012,foodie_hunters
12176587,family_group
12180114,campus_students
12182464,campus_students
12184550,family_group
12185699,foodie_hunters
12185721,budget_life
12186256,foodie_hunters
12192490,campus_students
12193319,office_white_collar
12203898,campus_students
12214512,night_owl_gamers
12215629,campus_students
12219494,fitness_group
12223144,foodie_hunters
12223800,campus_students
12226028,fitness_group
12228495,fitness_group
12231345,budget_life
12232599,fitness_group
12235413,office_white_collar
12237566,family_group
12249152,campus_students
12250840,foodie_hunters
12251842,campus_students
12266670,foodie_hunters
12268327,night_owl_gamers
12279902,foodie_hunters
12285854,budget_life
12295866,campus_students
12305343,budget_life
12307541,fitness_group
12308048,fitness_group
12308361,campus_students
12314506,campus_students
12318577,campus_students
12322870,office_white_collar
12324956,night_owl_gamers
12326472,night_owl_gamers
12326781,night_owl_gamers
12337237,office_white_collar
12345479,foodie_hunters
12350671,campus_students
12351182,campus_students
12353222,foodie_hunters
12354895,foodie_hunters
12358844,foodie_hunters
12361644,budget_life
12362336,fitness_group
12364190,family_group
12373790,budget_life
12381280,night_owl_gamers
12383492,night_owl_gamers
12384577,office_white_collar
12391934,campus_students
12398286,office_white_collar
12399836,budget_life
12400639,budget_life
12408869,family_group
12416249,night_owl_gamers
12419398,budget_life
12423875,family_group
12429856,foodie_hunters
12432172,budget_life
12433349,campus_students
12434661,family_group
12446123,budget_life
12447127,foodie_hunters
12448769,foodie_hunters
12451154,night_owl_gamers
12455486,budget_life
12476049,fitness_group
12476637,campus_students
12482412,fitness_group
12483791,foodie_hunters
12484272,campus_students
12486810,foodie_hunters
12492898,fitness_group
12494277,family_group
12499285,budget_life
12510009,campus_students
12510049,night_owl_gamers
12511994,office_white_collar
12514277,family_group
12515980,family_group
12520716,family_group
12522850,foodie_hunters
12524687,office_white_collar
12532040,foodie_hunters
12532769,office_white_collar
12535168,office_white_collar
12536638,foodie_hunters
12539564,campus_students
12542789,fitness_group
12547992,night_owl_gamers
12548361,fitness_group
12550284,fitness_group
12551189,foodie_hunters
12564067,fitness_group
12565777,foodie_hunters
12573257,night_owl_gamers
12586160,family_group
12586380,office_white_collar
12591032,budget_life
12592888,foodie_hunters
12595598,budget_life
12598692,budget_life
12603051,family_group
12606705,office_white_collar
12609599,fitness_group
12610362,fitness_group
12618327,office_white_collar
12619638,night_owl_gamers
12629086,budget_life
12632195,night_owl_gamers
12635312,campus_students
12636476,fitness_group
12639249,office_white_collar
12640185,night_owl_gamers
12645749,fitness_group
12647963,budget_life
12649113,campus_students
12652296,foodie_hunters
12654396,night_owl_gamers
12656827,foodie_hunters
12668004,foodie_hunters
12677156,budget_life
12680342,foodie_hunters
12683262,campus_students
12698081,night_owl_gamers
12716105,fitness_group
12722835,fitness_group
12723150,family_group
12733329,family_group
12738871,family_group
12740899,office_white_collar
12743229,family_group
12748154,campus_students
12756045,foodie_hunters
12756301,office_white_collar
12764356,budget_life
12765142,fitness_group
12774701,campus_students
12777018,night_owl_gamers
12777920,campus_students
12780253,budget_life
12781709,fitness_group
12781785,campus_students
12791080,foodie_hunters
12793492,office_white_collar
12795642,foodie_hunters
12796780,office_white_collar
12798338,campus_students
12803808,night_owl_gamers
12808690,family_group
12812811,fitness_group
12820540,foodie_hunters
12824208,fitness_group
12828494,foodie_hunters
12830692,budget_life
12831849,budget_life
12840574,campus_students
12845443,budget_life
12846444,family_group
12847761,campus_students
12849716,campus_students
12851211,budget_life
12851759,fitness_group
12853156,budget_life
12856189,family_group
12857427,foodie_hunters
12859456,night_owl_gamers
12863443,budget_life
12864327,office_white_collar
12870010,foodie_hunters
12873460,foodie_hunters
12876353,budget_life
12877423,campus_students
12883066,office_white_collar
12883371,campus_students
12884843,fitness_group
12884934,office_white_collar
12888873,night_owl_gamers
12890267,foodie_hunters
12894851,campus_students
12902921,budget_life
12903803,night_owl_gamers
12905909,family_group
12909379,campus_students
12910583,night_owl_gamers
12920142,campus_students
12920295,foodie_hunters
12923198,campus_students
12931959,fitness_group
12932514,office_white_collar
12933557,office_white_collar
12935994,fitness_group
12938499,foodie_hunters
12943276,office_white_collar
12950725,budget_life
12955357,fitness_group
12956845,family_group
12966295,foodie_hunters
12978417,foodie_hunters
12979331,foodie_hunters
13016114,foodie_hunters
13019629,family_group
13030326,fitness_group
13039929,foodie_hunters
13040369,foodie_hunters
13063344,budget_life
13069712,night_owl_gamers
13076166,night_owl_gamers
13080111,office_white_collar
13081010,fitness_group
13093705,fitness_group
13099680,night_owl_gamers
13105355,campus_students
13115457,campus_students
13125895,campus_students
13131617,night_owl_gamers
13138193,office_white_collar
13142436,family_group
13144026,family_group
13144410,office_white_collar
13149366,family_group
13154640,fitness_group
13157266,budget_life
13175421,budget_life
13176171,campus_students
13181327,fitness_group
13186271,night_owl_gamers
13193838,foodie_hunters
13197008,campus_students
13198416,foodie_hunters
13209119,night_owl_gamers
13213305,night_owl_gamers
13213576,budget_life
13214552,night_owl_gamers
13218208,night_owl_gamers
13221567,budget_life
13225147,fitness_group
13228428,office_white_collar
13240881,campus_students
13241035,campus_students
13242054,family_group
13248186,family_group
13250172,family_group
13252496,family_group
13254669,fitness_group
13256217,office_white_collar
13256382,fitness_group
13260839,night_owl_gamers
13267394,office_white_collar
13267403,campus_students
13289047,fitness_group
13290129,office_white_collar
13292266,budget_life
13293174,night_owl_gamers
13295124,fitness_group
13295308,night_owl_gamers
13300548,foodie_hunters
13302294,campus_students
13304067,fitness_group
13311094,office_white_collar
13325527,fitness_group
13334021,night_owl_gamers
13339386,budget_life
13351489,night_owl_gamers
13362274,night_owl_gamers
13364747,fitness_group
13376627,family_group
13381453,night_owl_gamers
13383716,foodie_hunters
13390064,family_group
13395296,family_group
13396006,campus_students
13396797,night_owl_gamers
13408565,fitness_group
13408825,fitness_group
13409993,family_group
13412303,office_white_collar
13413874,office_white_collar
13417060,fitness_group
13436124,night_owl_gamers
13439199,office_white_collar
13441257,foodie_hunters
13441407,campus_students
13443941,foodie_hunters
13444488,family_group
13448724,office_white_collar
13457263,budget_life
13460447,office_white_collar
13464376,office_white_collar
13468743,office_white_collar
13471923,campus_students
13472209,fitness_group
13472354,fitness_group
13474823,night_owl_gamers
13475202,budget_life
13476310,family_group
13480819,night_owl_gamers
13482949,family_group
13491571,family_group
13494654,foodie_hunters
13502331,family_group
13504604,foodie_hunters
13504954,night_owl_gamers
13509615,family_group
13516269,budget_life
13528588,office_white_collar
13529750,campus_students
13529852,budget_life
13535356,campus_students
13541793,fitness_group
13542768,campus_students
13557285,foodie_hunters
13559011,foodie_hunters
13559534,family_group
13561474,foodie_hunters
13566061,foodie_hunters
13568374,fitness_group
13569883,fitness_group
13574767,fitness_group
13575164,family_group
13587251,office_white_collar
13587830,fitness_group
13589400,budget_life
13590878,family_group
13597021,campus_students
13599108,office_white_collar
13599994,budget_life
13606209,foodie_hunters
13608105,budget_life
13626276,campus_students
13634618,night_owl_gamers
13637839,budget_life
13638273,budget_life
13640894,family_group
13645142,budget_life
13645221,night_owl_gamers
13651275,office_white_collar
13651940,foodie_hunters
13653008,foodie_hunters
13654189,family_group
13654406,campus_students
13658873,budget_life
13662697,family_group
13663157,foodie_hunters
13666911,night_owl_gamers
13676867,fitness_group
13678000,office_white_collar
13681925,family_group
13684920,family_group
13685500,night_owl_gamers
13686853,family_group
13691463,night_owl_gamers
13692582,foodie_hunters
13693791,budget_life
13697428,foodie_hunters
13698019,budget_life
13702398,budget_life
13726798,night_owl_gamers
13734883,night_owl_gamers
13738810,budget_life
13739274,night_owl_gamers
13747476,budget_life
13751785,campus_students
13758773,night_owl_gamers
13771211,foodie_hunters
13784722,foodie_hunters
13786811,family_group
13787308,family_group
13791597,fitness_group
13791920,night_owl_gamers
13795242,fitness_group
13800805,family_group
13801100,campus_students
13802901,family_group
13808831,office_white_collar
13815579,campus_students
13818622,night_owl_gamers
13825258,office_white_collar
13830945,foodie_hunters
13831991,night_owl_gamers
13835226,budget_life
13844913,fitness_group
13845174,campus_students
13846328,foodie_hunters
13847135,office_white_collar
13848423,office_white_collar
13853152,office_white_collar
13863426,fitness_group
13868870,foodie_hunters
13883148,campus_students
13912252,family_group
13921852,office_white_collar
13922630,campus_students
13929748,budget_life
13942734,fitness_group
13944227,fitness_group
13966221,family_group
13969250,fitness_group
13970182,campus_students
13972931,budget_life
13973944,night_owl_gamers
13974591,night_owl_gamers
13983302,night_owl_gamers
13988392,night_owl_gamers
13990487,night_owl_gamers
14000201,fitness_group
14008824,family_group
14013281,fitness_group
14016633,campus_students
14017540,office_white_collar
14017809,office_white_collar
14019004,fitness_group
14028346,office_white_collar
14037033,budget_life
14039457,office_white_collar
14044410,budget_life
14047595,fitness_group
14053017,office_white_collar
14056240,family_group
14058623,foodie_hunters
14060282,family_group
14062672,budget_life
14068062,office_white_collar
14068681,family_group
14075873,office_white_collar
14076582,fitness_group
14088564,campus_students
14099006,foodie_hunters
14100784,fitness_group
14108118,office_white_collar
14111003,foodie_hunters
14113339,foodie_hunters
14123196,fitness_group
14136556,campus_students
14144483,family_group
14145012,office_white_collar
14145477,office_white_collar
14148920,campus_students
14153790,office_white_collar
14159920,campus_students
14165440,foodie_hunters
14171729,foodie_hunters
14175173,fitness_group
14177536,budget_life
14177916,night_owl_gamers
14182459,office_white_collar
14194364,night_owl_gamers
14196742,office_white_collar
14199792,night_owl_gamers
14201483,budget_life
14206684,campus_students
14210047,foodie_hunters
14234596,fitness_group
14239507,campus_students
14254629,fitness_group
14256177,foodie_hunters
14260609,office_white_collar
14264532,family_group
14271652,family_group
14276238,night_owl_gamers
14276370,night_owl_gamers
14279330,night_owl_gamers
14286207,fitness_group
14293988,night_owl_gamers
14298069,budget_life
14301134,family_group
14302461,office_white_collar
14304068,family_group
14304706,fitness_group
14311757,foodie_hunters
14312612,campus_students
14326937,night_owl_gamers
14334769,night_owl_gamers
14350327,family_group
14355243,foodie_hunters
14370359,office_white_collar
14372588,night_owl_gamers
14375947,family_group
14379969,foodie_hunters
14380786,family_group
14381796,family_group
14381893,fitness_group
14382612,family_group
14410696,foodie_hunters
14417641,family_group
14419811,foodie_hunters
14433606,office_white_collar
14437730,campus_students
14439158,family_group
14450688,family_group
14451404,foodie_hunters
14459632,foodie_hunters
14467524,budget_life
14473540,foodie_hunters
14474104,office_white_collar
14476029,family_group
14477579,foodie_hunters
14488137,fitness_group
14523462,budget_life
14528075,campus_students
14534520,office_white_collar
14537523,office_white_collar
14538025,night_owl_gamers
14541711,family_group
14543015,fitness_group
14555640,foodie_hunters
14555780,fitness_group
14557090,foodie_hunters
14558173,family_group
14563207,night_owl_gamers
14568495,campus_students
14569806,fitness_group
14571515,foodie_hunters
14585109,fitness_group
14587051,foodie_hunters
14591049,night_owl_gamers
14591376,budget_life
14592900,foodie_hunters
14593543,budget_life
14594686,budget_life
14610723,night_owl_gamers
14610811,budget_life
14612687,budget_life
14612991,fitness_group
14617198,budget_life
14619550,family_group
14621721,family_group
14624860,foodie_hunters
14625480,office_white_collar
14626756,foodie_hunters
14629317,night_owl_gamers
14630021,office_white_collar
14635166,foodie_hunters
14637606,office_white_collar
14644729,budget_life
14647446,fitness_group
14650620,fitness_group
14664022,fitness_group
14665822,family_group
14666610,campus_students
14671902,fitness_group
14677235,fitness_group
14683878,foodie_hunters
14685080,foodie_hunters
14691822,campus_students
14695596,foodie_hunters
14698936,fitness_group
14700588,campus_students
14700859,office_white_collar
14702125,family_group
14703556,fitness_group
14703966,budget_life
14710626,night_owl_gamers
14717693,campus_students
14717952,foodie_hunters
14722481,night_owl_gamers
14727876,fitness_group
14729631,foodie_hunters
14734626,night_owl_gamers
14749336,night_owl_gamers
14770826,night_owl_gamers
14771737,office_white_collar
14778668,campus_students
14786733,office_white_collar
14789873,family_group
14789961,campus_students
14790611,office_white_collar
14790980,family_group
14797681,office_white_collar
14804314,night_owl_gamers
14812775,office_white_collar
14814165,campus_students
14820616,family_group
14828517,family_group
14829530,fitness_group
14832344,foodie_hunters
14837359,foodie_hunters
14842212,campus_students
14843140,family_group
14846489,fitness_group
14848166,family_group
14848469,campus_students
14850511,foodie_hunters
14851573,office_white_collar
14851580,foodie_hunters
14852416,fitness_group
14852875,office_white_collar
14853066,office_white_collar
14857348,foodie_hunters
14857918,campus_students
14867036,foodie_hunters
14869452,office_white_collar
14875174,campus_students
14879084,budget_life
14882239,fitness_group
14897626,budget_life
14900574,night_owl_gamers
14900910,budget_life
14904379,family_group
14904825,family_group
14910292,budget_life
14911901,budget_life
14915831,night_owl_gamers
14920071,office_white_collar
14920521,family_group
14923929,fitness_group
14928796,office_white_collar
14929509,office_white_collar
14936033,campus_students
14936492,campus_students
14938583,family_group
14939988,budget_life
14945851,budget_life
14949032,budget_life
14959580,budget_life
14964795,night_owl_gamers
14972636,fitness_group
14975852,fitness_group
14976705,budget_life
14982033,fitness_group
14990578,night_owl_gamers
14993505,office_white_collar
15016166,office_white_collar
15016806,campus_students
15019661,night_owl_gamers
15028452,night_owl_gamers
15028467,fitness_group
15040103,family_group
15043120,family_group
15053804,fitness_group
15060984,foodie_hunters
15061045,campus_students
15063185,night_owl_gamers
15068662,night_owl_gamers
15070029,fitness_group
15070404,campus_students
15078355,fitness_group
15080859,budget_life
15081547,foodie_hunters
15087534,budget_life
15093794,budget_life
15098740,fitness_group
15099104,foodie_hunters
15115149,family_group
15118092,fitness_group
15118893,campus_students
15131119,office_white_collar
15138554,office_white_collar
15138884,campus_students
15144590,family_group
15147995,foodie_hunters
15153544,office_white_collar
15153987,family_group
15157037,family_group
15160389,night_owl_gamers
15165517,night_owl_gamers
15168883,campus_students
15170056,fitness_group
15172932,campus_students
15176128,fitness_group
15180469,campus_students
15182858,foodie_hunters
15186584,night_owl_gamers
15192453,budget_life
15193392,office_white_collar
15194598,foodie_hunters
15201949,family_group
15206470,foodie_hunters
15209129,night_owl_gamers
15211510,night_owl_gamers
15213944,family_group
15216233,family_group
15219797,family_group
15221148,foodie_hunters
15221598,family_group
15226978,budget_life
15230602,office_white_collar
15234975,night_owl_gamers
15243734,foodie_hunters
15245362,fitness_group
15247420,campus_students
15248311,fitness_group
15249639,campus_students
15251470,campus_students
15255904,fitness_group
15263420,foodie_hunters
15265873,foodie_hunters
15276564,campus_students
15276596,fitness_group
15280125,family_group
15280264,foodie_hunters
15284593,night_owl_gamers
15294270,family_group
15294335,night_owl_gamers
15295390,office_white_collar
15303153,fitness_group
15304532,night_owl_gamers
15305409,budget_life
15306337,office_white_collar
15308951,budget_life
15314009,night_owl_gamers
15334741,night_owl_gamers
15340117,fitness_group
15344592,campus_students
15344817,fitness_group
15349554,night_owl_gamers
15351026,fitness_group
15358777,night_owl_gamers
15363518,office_white_collar
15366507,budget_life
15385665,campus_students
15388818,budget_life
15393944,office_white_collar
15394100,office_white_collar
15400566,foodie_hunters
15402223,foodie_hunters
15403536,office_white_collar
15418488,family_group
15426204,night_owl_gamers
15426703,fitness_group
15449305,foodie_hunters
15461001,family_group
15468144,night_owl_gamers
15469466,family_group
15470115,office_white_collar
15470948,foodie_hunters
15474708,budget_life
15481600,night_owl_gamers
15481890,family_group
15483872,foodie_hunters
15485460,night_owl_gamers
15487695,night_owl_gamers
15489434,campus_students
15493703,campus_students
15504466,night_owl_gamers
15504809,foodie_hunters
15508590,campus_students
15511156,fitness_group
15512358,office_white_collar
15524295,family_group
15526786,fitness_group
15532852,campus_students
15534844,campus_students
15540234,budget_life
15553123,family_group
15558917,foodie_hunters
15564210,fitness_group
15565778,fitness_group
15567782,night_owl_gamers
15567814,foodie_hunters
15568430,night_owl_gamers
15571260,foodie_hunters
15576212,office_white_collar
15577431,family_group
15581004,family_group
15581570,foodie_hunters
15582233,fitness_group
15590865,fitness_group
15591597,office_white_collar
15592200,foodie_hunters
15601045,family_group
15624132,night_owl_gamers
15626960,campus_students
15628664,budget_life
15639558,office_white_collar
15639778,campus_students
15644510,night_owl_gamers
15645510,foodie_hunters
15651106,foodie_hunters
15657256,night_owl_gamers
15661965,family_group
15686113,office_white_collar
15686229,foodie_hunters
15692410,night_owl_gamers
15694074,budget_life
15704854,night_owl_gamers
15705017,foodie_hunters
15711438,night_owl_gamers
15712049,fitness_group
15721766,family_group
15722376,fitness_group
15722741,campus_students
15723288,fitness_group
15724075,campus_students
15725439,family_group
15725746,foodie_hunters
15730238,foodie_hunters
15730446,fitness_group
15732792,night_owl_gamers
15736937,budget_life
15739188,night_owl_gamers
15758684,foodie_hunters
15760930,fitness_group
15760986,family_group
15761970,fitness_group
15762757,night_owl_gamers
15777197,family_group
15778456,foodie_hunters
15784272,foodie_hunters
15786554,family_group
15788267,night_owl_gamers
15793247,family_group
15793852,campus_students
15796356,campus_students
15796403,office_white_collar
15806699,office_white_collar
15810877,family_group
15813522,family_group
15815682,budget_life
15819233,fitness_group
15823190,office_white_collar
15828293,budget_life
15831795,office_white_collar
15831829,foodie_hunters
15833643,budget_life
15835974,office_white_collar
15843278,office_white_collar
15844559,budget_life
15846029,foodie_hunters
15849211,campus_students
15857227,budget_life
15857399,budget_life
15858837,family_group
15859654,foodie_hunters
15860069,office_white_collar
15863140,fitness_group
15866525,family_group
4597887,night_owl_gamers
7061032,office_white_collar
12766883,budget_life
5909426,night_owl_gamers
7614418,fitness_group
11683435,campus_students
14432274,office_white_collar
9268295,fitness_group
11082869,family_group
7270195,campus_students
7346196,family_group
15481161,budget_life
11718157,office_white_collar
3581372,campus_students
9105127,fitness_group
3754522,fitness_group
15238862,office_white_collar
2609208,fitness_group
7954651,foodie_hunters
15315556,budget_life
15051774,campus_students
11482628,budget_life
317862,budget_life
8715801,foodie_hunters
7304982,budget_life
8210136,campus_students
788004,night_owl_gamers
6562006,night_owl_gamers
7245569,fitness_group
14813958,fitness_group
2215949,campus_students
8720092,night_owl_gamers
725723,fitness_group
4927077,office_white_collar
2731268,budget_life
7424399,campus_students
2658355,night_owl_gamers
353710,campus_students
6293922,family_group
618629,campus_students
1822522,foodie_hunters
3036345,fitness_group
232870,night_owl_gamers
9337914,fitness_group
4354656,foodie_hunters
13502375,family_group
2527175,office_white_collar
8876128,campus_students
5284778,foodie_hunters
8893099,budget_life
10214556,family_group
1558490,foodie_hunters
1308927,office_white_collar
12512714,office_white_collar
15544834,office_white_collar
8519202,office_white_collar
14020695,budget_life
4937722,night_owl_gamers
4402533,night_owl_gamers
2454788,family_group
7481383,fitness_group
393545,family_group
5323373,foodie_hunters
1284685,campus_students
6066669,night_owl_gamers
15302003,fitness_group
6960317,night_owl_gamers
7804435,fitness_group
10493175,family_group
4856826,family_group
8289913,foodie_hunters
12261804,family_group
9278248,fitness_group
14594257,budget_life
5431896,budget_life
3250687,office_white_collar
8816445,campus_students
9865664,budget_life
639042,campus_students
4414121,fitness_group
11012056,office_white_collar
13404724,family_group
12432907,campus_students
1386664,night_owl_gamers
8063950,budget_life
5430350,night_owl_gamers
4356608,foodie_hunters
1736942,foodie_hunters
10792942,office_white_collar
2763190,night_owl_gamers
1667362,fitness_group
3855301,night_owl_gamers
11772481,night_owl_gamers
14105121,campus_students
11116320,night_owl_gamers
1776322,foodie_hunters
5245155,campus_students
7399541,budget_life
11903376,family_group
5774746,family_group
